<?xml version='1.0' encoding='UTF-8'?>
<L2A_Quality_File xmlns:xsi="http://www.w3.org/2001/XMLSchema-instance" xmlns="http://gs2.esa.int/DATA_STRUCTURE/l2aqiReport" xsi:schemaLocation="http://gs2.esa.int/DATA_STRUCTURE/l2aqiReport L2A_QUALITY.xsd">
  <L2A_Quality_Header>
    <Fixed_Header>
      <File_Name>L2A_QUALITY</File_Name>
      <File_Description>Quality information obtained from Sen2Cor</File_Description>
      <Notes/>
      <Mission>S2A</Mission>
      <!-- This can be set to OPER or USER dependent on PDGS or Toolbox mode -->
      <File_Class>OPER</File_Class>
      <File_Type>L2A_QLINFO</File_Type>
      <Validity_Period>
        <Validity_Start>UTC=2015-06-22T00:00:00</Validity_Start>
        <Validity_Stop>UTC=2100-01-01T00:00:00</Validity_Stop>
      </Validity_Period>
      <File_Version>1</File_Version>
      <Source>
        <System>Sen2Cor</System>
        <Creator>Sen2Cor</Creator>
        <Creator_Version>2.10</Creator_Version>
        <Creation_Date>UTC=2024-12-01T09:57:59</Creation_Date>
      </Source>
    </Fixed_Header>
  </L2A_Quality_Header>
  <Data_Block type="xml">
    <report gippVersion="02.12.02" globalStatus="PASSED" date="2024-08-02T00:00:00Z">
      <checkList>
        <parentID>L2A_SC</parentID>
        <name>SCENE_CLASS_QUALITY</name>
        <version>2.10</version>
        <item class="http://www.esa.int/s2#pdi_level_2a_tile_container" className="PDI Level 2A Tile Folder" name="S2A_OPER_MSI_L2A_TL_2APS_20241201T094445_A049323_T42SXC_N05.11" url="/mnt/nfs-l2-01/l2-processing/processing-id-67356-2024-12-01-09-44-02/input/IPU/TL/PDI_DS_TILE_LIST/S2A_OPER_MSI_L1C_TL_2APS_20241201T070331_A049323_T42SXC_N05.11/GRANULE/S2A_OPER_MSI_L2A_TL_2APS_20241201T094445_A049323_T42SXC_N05.11/AUX_DATA"/>
        <check>
          <message contentType="text/plain">"Percentage of classified pixels"</message>
          <extraValues>
            <value name="CLOUDY_PIXEL_PERCENTAGE">0.327616</value>
            <value name="CLOUDY_PIXEL_OVER_LAND_PERCENTAGE">0.327616</value>
            <value name="DEGRADED_MSI_DATA_PERCENTAGE">0.000000</value>
            <value name="NODATA_PIXEL_PERCENTAGE">99.879485</value>
            <value name="SATURATED_DEFECTIVE_PIXEL_PERCENTAGE">0.000000</value>
            <value name="CAST_SHADOW_PERCENTAGE">0.000000</value>
            <value name="CLOUD_SHADOW_PERCENTAGE">0.000000</value>
            <value name="VEGETATION_PERCENTAGE">1.357267</value>
            <value name="NOT_VEGETATED_PERCENTAGE">71.337718</value>
            <value name="WATER_PERCENTAGE">0.000000</value>
            <value name="UNCLASSIFIED_PERCENTAGE">26.977396</value>
            <value name="MEDIUM_PROBA_CLOUDS_PERCENTAGE">0.327616</value>
            <value name="HIGH_PROBA_CLOUDS_PERCENTAGE">0.000000</value>
            <value name="THIN_CIRRUS_PERCENTAGE">0.000000</value>
            <value name="SNOW_ICE_PERCENTAGE">0.000000</value>
          </extraValues>
        </check>
      </checkList>
      <checkList>
        <parentID>L2A_AC</parentID>
        <name>ATMOSPHERIC_CORRECTION_QUALITY</name>
        <version>2.10</version>
        <item class="http://www.esa.int/s2#pdi_level_2a_tile_container" className="PDI Level 2A Tile Folder" name="S2A_OPER_MSI_L2A_TL_2APS_20241201T094445_A049323_T42SXC_N05.11" url="/mnt/nfs-l2-01/l2-processing/processing-id-67356-2024-12-01-09-44-02/input/IPU/TL/PDI_DS_TILE_LIST/S2A_OPER_MSI_L1C_TL_2APS_20241201T070331_A049323_T42SXC_N05.11/GRANULE/S2A_OPER_MSI_L2A_TL_2APS_20241201T094445_A049323_T42SXC_N05.11/AUX_DATA"/>
        <check>
          <message contentType="text/plain">Atmospheric correction quality values</message>
          <extraValues>
            <value name="AOT_RETRIEVAL_ACCURACY">0.000000</value>
            <value name="GRANULE_MEAN_AOT">0.140680</value>
            <value name="WV_RETRIEVAL_ACCURACY">0.000000</value>
            <value name="GRANULE_MEAN_WV">1.098630</value>
            <value name="OZONE_VALUE">287.342753</value>
            <value name="START_VISIBILITY_KM">40.000000</value>
            <value name="VISIBILITY_FROM_DDV_KM">40.000000</value>
            <value name="FINAL_VISIBILITY_KM">49.490000</value>
            <value name="AVERAGE_SOLAR_ZENITH_ANGLE">56.816257</value>
            <value name="DDV_PIXEL_PERCENTAGE">0.000000</value>
            <value name="DDV_REFLECTANCE_RANGE">0.000000</value>
            <value name="BLUE_PATH_RADIANCE_RESCALING_FACTOR">1.000000</value>
          </extraValues>
        </check>
        <check>
          <message contentType="text/plain">Atmospheric correction quality control</message>
          <extraValues>
            <value name="AC_ENABLED">True</value>
            <!-- WV_RETRIEVAL_METHOD: SEN2COR_APDA | NA -->
            <value name="WV_RETRIEVAL_METHOD">SEN2COR_APDA</value>
            <!-- AOT_RETRIEVAL_METHOD: SEN2COR_DDV | CAMS | DEFAULT | NA-->
            <value name="AOT_RETRIEVAL_METHOD">CAMS</value>
            <value name="VISIBILITY_LESS_THAN_5_KM">False</value>
            <value name="AOT_ABOVE_1">False</value>
            <value name="GRANULE_WV_ABOVE_5_CM">False</value>
          </extraValues>
        </check>
        <check>
          <message contentType="text/plain">Percentage of negative BOA pixels</message>
          <extraValues>
            <value name="B01">1.332489</value>
            <value name="B02">0.123888</value>
            <value name="B03">0.002753</value>
            <value name="B04">0.000000</value>
            <value name="B05">0.000000</value>
            <value name="B06">0.000000</value>
            <value name="B07">0.000000</value>
            <value name="B08">0.000000</value>
            <value name="B8A">0.005506</value>
            <value name="B11">0.000000</value>
            <value name="B12">0.000000</value>
          </extraValues>
        </check>
        <check>
          <message contentType="text/plain">Look up table file list</message>
          <extraValues>
            <value name="LUT_DATA_FILES">['g99000_wv20_rura.atm']</value>
          </extraValues>
        </check>
      </checkList>
      <checkList>
        <parentID>L2A_AUX</parentID>
        <name>AUX_DATA_QUALITY</name>
        <version>2.10</version>
        <item class="http://www.esa.int/s2#pdi_level_2a_tile_container" className="PDI Level 2A Tile Folder" name="S2A_OPER_MSI_L2A_TL_2APS_20241201T094445_A049323_T42SXC_N05.11" url="/mnt/nfs-l2-01/l2-processing/processing-id-67356-2024-12-01-09-44-02/input/IPU/TL/PDI_DS_TILE_LIST/S2A_OPER_MSI_L1C_TL_2APS_20241201T070331_A049323_T42SXC_N05.11/GRANULE/S2A_OPER_MSI_L2A_TL_2APS_20241201T094445_A049323_T42SXC_N05.11/AUX_DATA"/>
        <check>
          <message contentType="text/plain">AUX related parameters</message>
          <extraValues>
            <!-- DEM_TYPE: SRTM_90 | DTED_90 | DTED_30 | (PRISM-AWS) COPERNICUS_90 | (PRISM-AWS) COPERNICUS_30 -->
            <value name="DEM_TYPE">DTED_30</value>
            <value name="DEM_MEAN_ALTITUDE_KM">1.156852</value>
            <value name="DEM_MEAN_SLOPE">8.510245</value>
            <value name="GROUND_ELEVATION_ABOVE_3_KM">False</value>
            <value name="SOLAR_ZENITH_ANGLE_ABOVE_70_DEG">False</value>
            <!-- OZONE_SOURCE: AUX_ECMWFT | CONFIG | OTHER -->
            <value name="OZONE_SOURCE">AUX_ECMWFT</value>
          </extraValues>
        </check>
        <check>
          <message contentType="text/plain">AUX data file list</message>
          <extraValues>
            <value name="AUX_DATA_FILES">['e069_n32.dt2', 'e069_n33.dt2', 'e069_n34.dt2', 'e070_n32.dt2', 'e070_n33.dt2', 'e070_n34.dt2', 'e071_n32.dt2', 'e071_n33.dt2', 'e071_n34.dt2']</value>
          </extraValues>
        </check>
      </checkList>
    </report>
  </Data_Block>
</L2A_Quality_File>
