<?xml version="1.0" encoding="UTF-8" standalone="yes"?>
<Earth_Explorer_File xmlns="http://gs2.esa.int/DATA_STRUCTURE/olqcReport">
    <Earth_Explorer_Header>
        <Fixed_Header>
            <File_Name>FORMAT_CORRECTNESS.xml</File_Name>
            <File_Description>Report produced by OLQC-SC</File_Description>
            <Notes></Notes>
            <Mission>S2A</Mission>
            <File_Class>OPER</File_Class>
            <File_Type>REP_OLQCPA</File_Type>
            <Validity_Period>
                <Validity_Start>UTC=2024-07-23T03:00:00</Validity_Start>
                <Validity_Stop>UTC=2100-01-01T00:00:00</Validity_Stop>
            </Validity_Period>
            <File_Version>2</File_Version>
            <Source>
                <System>OLQC-SC</System>
                <Creator>OLQC-SC</Creator>
                <Creator_Version>06.03.00</Creator_Version>
                <Creation_Date>UTC=2024-12-01T10:34:23</Creation_Date>
            </Source>
        </Fixed_Header>
    </Earth_Explorer_Header>
    <Data_Block type="xml">
        <report gippVersion="1.0" globalStatus="PASSED" date="2024-12-01T10:34:23.407Z">
            <checkList>
                <parentID>S2A_OPER_GIP_OLQCPA_MPC__20240717T000043_V20240723T030000</parentID>
                <name>FORMAT_CORRECTNESS</name>
                <version>1.0</version>
                <item url="/mnt/nfs-l2-01/l2-processing/processing-id-67356-2024-12-01-09-44-02/TaskTable_20241201T094402/FORMAT_METADATA_DS_L2A_ADAPT/output/PDI_DS/S2A_OPER_MSI_L2A_DS_2APS_20241201T094445_S20241201T061220_N05.11/" className="PDI Level 2A Datastrip Folder" name="S2A_OPER_MSI_L2A_DS_2APS_20241201T094445_S20241201T061220_N05.11" class="http://www.esa.int/s2#pdi_level_2a_datastrip_container"/>
                <check>
                    <inspection creation="2024-12-01T10:34:23.399Z" duration="0" execution="2024-12-01T10:34:23.405Z" id="Start_Stop_Time" item="MTD_DS.xml" itemURL="/mnt/nfs-l2-01/l2-processing/processing-id-67356-2024-12-01-09-44-02/TaskTable_20241201T094402/FORMAT_METADATA_DS_L2A_ADAPT/output/PDI_DS/S2A_OPER_MSI_L2A_DS_2APS_20241201T094445_S20241201T061220_N05.11/MTD_DS.xml" name="Check start/stop time validity. " priority="5" processingStatus="done" status="PASSED"/>
                    <message contentType="text/plain">Sensing period is valid. </message>
                    <extraValues>
                        <value name="SENSING_START">2024-12-01T06:12:20.459Z</value>
                        <value name="SENSING_STOP">2024-12-01T06:22:40.996Z</value>
                    </extraValues>
                </check>
                <check>
                    <inspection creation="2024-12-01T10:34:24.815Z" duration="1997" execution="2024-12-01T10:34:24.820Z" id="schemaXmlValidator" item="MTD_DS.xml" itemURL="/mnt/nfs-l2-01/l2-processing/processing-id-67356-2024-12-01-09-44-02/TaskTable_20241201T094402/FORMAT_METADATA_DS_L2A_ADAPT/output/PDI_DS/S2A_OPER_MSI_L2A_DS_2APS_20241201T094445_S20241201T061220_N05.11/MTD_DS.xml" name="Schema Validator. " priority="5" processingStatus="done" status="PASSED"/>
                    <message contentType="text/plain">The schema validation passed successfully.</message>
                </check>
                <check>
                    <inspection creation="2024-12-01T10:34:27.514Z" duration="555" execution="2024-12-01T10:34:27.519Z" id="checkMetadata" item="S2A_OPER_MSI_L2A_DS_2APS_20241201T094445_S20241201T061220_N05.11" itemURL="/mnt/nfs-l2-01/l2-processing/processing-id-67356-2024-12-01-09-44-02/TaskTable_20241201T094402/FORMAT_METADATA_DS_L2A_ADAPT/output/PDI_DS/S2A_OPER_MSI_L2A_DS_2APS_20241201T094445_S20241201T061220_N05.11/" name="Metadata file check. " priority="5" processingStatus="done" status="PASSED"/>
                    <message contentType="text/plain">Metadata file is present.</message>
                </check>
            </checkList>
        </report>
    </Data_Block>
</Earth_Explorer_File>
