<?xml version="1.0" encoding="UTF-8" standalone="yes"?>
<Earth_Explorer_File xmlns="http://gs2.esa.int/DATA_STRUCTURE/olqcReport">
    <Earth_Explorer_Header>
        <Fixed_Header>
            <File_Name>GENERAL_QUALITY.xml</File_Name>
            <File_Description>Report produced by OLQC-SC</File_Description>
            <Notes></Notes>
            <Mission>S2A</Mission>
            <File_Class>OPER</File_Class>
            <File_Type>REP_OLQCPA</File_Type>
            <Validity_Period>
                <Validity_Start>UTC=2024-07-23T03:00:00</Validity_Start>
                <Validity_Stop>UTC=2100-01-01T00:00:00</Validity_Stop>
            </Validity_Period>
            <File_Version>2</File_Version>
            <Source>
                <System>OLQC-SC</System>
                <Creator>OLQC-SC</Creator>
                <Creator_Version>06.03.00</Creator_Version>
                <Creation_Date>UTC=2024-12-01T10:34:22</Creation_Date>
            </Source>
        </Fixed_Header>
    </Earth_Explorer_Header>
    <Data_Block type="xml">
        <report gippVersion="1.0" globalStatus="PASSED" date="2024-12-01T10:34:22.077Z">
            <checkList>
                <parentID>S2A_OPER_GIP_OLQCPA_MPC__20240717T000043_V20240723T030000</parentID>
                <name>GENERAL_QUALITY</name>
                <version>1.0</version>
                <item url="/mnt/nfs-l2-01/l2-processing/processing-id-67356-2024-12-01-09-44-02/TaskTable_20241201T094402/FORMAT_METADATA_DS_L2A_ADAPT/output/PDI_DS/S2A_OPER_MSI_L2A_DS_2APS_20241201T094445_S20241201T061220_N05.11/" className="PDI Level 2A Datastrip Folder" name="S2A_OPER_MSI_L2A_DS_2APS_20241201T094445_S20241201T061220_N05.11" class="http://www.esa.int/s2#pdi_level_2a_datastrip_container"/>
                <check>
                    <inspection creation="2024-12-01T10:34:19.425Z" duration="2183" execution="2024-12-01T10:34:19.888Z" id="Lost_Packets" item="MTD_DS.xml" itemURL="/mnt/nfs-l2-01/l2-processing/processing-id-67356-2024-12-01-09-44-02/TaskTable_20241201T094402/FORMAT_METADATA_DS_L2A_ADAPT/output/PDI_DS/S2A_OPER_MSI_L2A_DS_2APS_20241201T094445_S20241201T061220_N05.11/MTD_DS.xml" name="Check the number of lost packets " priority="5" processingStatus="done" status="PASSED"/>
                    <message contentType="text/plain">NUMBER_OF_LOST_PACKETS value 0 does not exceed the threshold (0) </message>
                    <extraValues>
                        <value name="NUMBER_OF_LOST_PACKETS">0</value>
                    </extraValues>
                </check>
                <check>
                    <inspection creation="2024-12-01T10:34:22.437Z" duration="38" execution="2024-12-01T10:34:22.460Z" id="Orbit_Number_DOWNLINK" item="MTD_DS.xml" itemURL="/mnt/nfs-l2-01/l2-processing/processing-id-67356-2024-12-01-09-44-02/TaskTable_20241201T094402/FORMAT_METADATA_DS_L2A_ADAPT/output/PDI_DS/S2A_OPER_MSI_L2A_DS_2APS_20241201T094445_S20241201T061220_N05.11/MTD_DS.xml" name="Check the consistency of downlink orbit number. " priority="5" processingStatus="done" status="PASSED"/>
                    <message contentType="text/plain">Downlink Orbit number (49323) is in range [1,99999] </message>
                    <extraValues>
                        <value name="DOWNLINK_ORBIT_NUMBER">49323</value>
                    </extraValues>
                </check>
                <check>
                    <inspection creation="2024-12-01T10:34:23.282Z" duration="0" execution="2024-12-01T10:34:23.332Z" id="Relative_Orbit_Number_SENSING" item="MTD_DS.xml" itemURL="/mnt/nfs-l2-01/l2-processing/processing-id-67356-2024-12-01-09-44-02/TaskTable_20241201T094402/FORMAT_METADATA_DS_L2A_ADAPT/output/PDI_DS/S2A_OPER_MSI_L2A_DS_2APS_20241201T094445_S20241201T061220_N05.11/MTD_DS.xml" name="Check the consistency of relative imaging orbit number. " priority="5" processingStatus="done" status="PASSED"/>
                    <message contentType="text/plain">Sensing orbit number (134) is in range [1,143] </message>
                    <extraValues>
                        <value name="SENSING_ORBIT_NUMBER">134</value>
                    </extraValues>
                </check>
                <check>
                    <inspection creation="2024-12-01T10:34:23.348Z" duration="0" execution="2024-12-01T10:34:23.363Z" id="Degraded_Packets" item="MTD_DS.xml" itemURL="/mnt/nfs-l2-01/l2-processing/processing-id-67356-2024-12-01-09-44-02/TaskTable_20241201T094402/FORMAT_METADATA_DS_L2A_ADAPT/output/PDI_DS/S2A_OPER_MSI_L2A_DS_2APS_20241201T094445_S20241201T061220_N05.11/MTD_DS.xml" name="Check the number of degraded packets " priority="5" processingStatus="done" status="PASSED"/>
                    <message contentType="text/plain">NUMBER_OF_TOO_DEGRADED_PACKETS value 0 does not exceed the threshold (0) </message>
                    <extraValues>
                        <value name="NUMBER_OF_TOO_DEGRADED_PACKETS">0</value>
                    </extraValues>
                </check>
                <check>
                    <inspection creation="2024-12-01T10:34:27.514Z" duration="555" execution="2024-12-01T10:34:27.519Z" id="checkMetadata" item="S2A_OPER_MSI_L2A_DS_2APS_20241201T094445_S20241201T061220_N05.11" itemURL="/mnt/nfs-l2-01/l2-processing/processing-id-67356-2024-12-01-09-44-02/TaskTable_20241201T094402/FORMAT_METADATA_DS_L2A_ADAPT/output/PDI_DS/S2A_OPER_MSI_L2A_DS_2APS_20241201T094445_S20241201T061220_N05.11/" name="Metadata file check. " priority="5" processingStatus="done" status="PASSED"/>
                    <message contentType="text/plain">Metadata file is present.</message>
                </check>
            </checkList>
        </report>
    </Data_Block>
</Earth_Explorer_File>
