<?xml version="1.0" encoding="UTF-8" standalone="yes"?>
<Earth_Explorer_File xmlns="http://gs2.esa.int/DATA_STRUCTURE/olqcReport">
    <Earth_Explorer_Header>
        <Fixed_Header>
            <File_Name>GEOMETRIC_QUALITY.xml</File_Name>
            <File_Description>Report produced by OLQC-SC</File_Description>
            <Notes></Notes>
            <Mission>S2A</Mission>
            <File_Class>OPER</File_Class>
            <File_Type>REP_OLQCPA</File_Type>
            <Validity_Period>
                <Validity_Start>UTC=2024-07-23T03:00:00</Validity_Start>
                <Validity_Stop>UTC=2100-01-01T00:00:00</Validity_Stop>
            </Validity_Period>
            <File_Version>2</File_Version>
            <Source>
                <System>OLQC-SC</System>
                <Creator>OLQC-SC</Creator>
                <Creator_Version>06.03.00</Creator_Version>
                <Creation_Date>UTC=2024-12-01T10:34:22</Creation_Date>
            </Source>
        </Fixed_Header>
    </Earth_Explorer_Header>
    <Data_Block type="xml">
        <report gippVersion="1.0" globalStatus="PASSED" date="2024-12-01T10:34:22.874Z">
            <checkList>
                <parentID>S2A_OPER_GIP_OLQCPA_MPC__20240717T000043_V20240723T030000</parentID>
                <name>GEOMETRIC_QUALITY</name>
                <version>1.0</version>
                <item url="/mnt/nfs-l2-01/l2-processing/processing-id-67356-2024-12-01-09-44-02/TaskTable_20241201T094402/FORMAT_METADATA_DS_L2A_ADAPT/output/PDI_DS/S2A_OPER_MSI_L2A_DS_2APS_20241201T094445_S20241201T061220_N05.11/" className="PDI Level 2A Datastrip Folder" name="S2A_OPER_MSI_L2A_DS_2APS_20241201T094445_S20241201T061220_N05.11" class="http://www.esa.int/s2#pdi_level_2a_datastrip_container"/>
                <check>
                    <inspection creation="2024-12-01T10:34:22.792Z" duration="12" execution="2024-12-01T10:34:22.860Z" id="Ephemeris_Quality" item="MTD_DS.xml" itemURL="/mnt/nfs-l2-01/l2-processing/processing-id-67356-2024-12-01-09-44-02/TaskTable_20241201T094402/FORMAT_METADATA_DS_L2A_ADAPT/output/PDI_DS/S2A_OPER_MSI_L2A_DS_2APS_20241201T094445_S20241201T061220_N05.11/MTD_DS.xml" name="Check the ephemeris quality value. " priority="5" processingStatus="done" status="PASSED"/>
                    <message contentType="text/plain">Ephemeris quality is valid (4.0&lt;=20.0) </message>
                    <extraValues>
                        <value name="VALUE">4.0</value>
                        <value name="EXPECTED">20.0</value>
                    </extraValues>
                </check>
                <check>
                    <inspection creation="2024-12-01T10:34:23.049Z" duration="1" execution="2024-12-01T10:34:23.123Z" id="Geometric_Refining_Spatio_Residual_Histograms" item="MTD_DS.xml" itemURL="/mnt/nfs-l2-01/l2-processing/processing-id-67356-2024-12-01-09-44-02/TaskTable_20241201T094402/FORMAT_METADATA_DS_L2A_ADAPT/output/PDI_DS/S2A_OPER_MSI_L2A_DS_2APS_20241201T094445_S20241201T061220_N05.11/MTD_DS.xml" name="Check of the correctness of the Geometric Refining: Spatio Residual Histograms. " priority="5" processingStatus="done" status="PASSED"/>
                    <message contentType="text/plain">Geometric Spatio Residual Histograms not computed.</message>
                </check>
                <check>
                    <inspection creation="2024-12-01T10:34:23.126Z" duration="0" execution="2024-12-01T10:34:23.148Z" id="Geometric_Refining_Image_Refining" item="MTD_DS.xml" itemURL="/mnt/nfs-l2-01/l2-processing/processing-id-67356-2024-12-01-09-44-02/TaskTable_20241201T094402/FORMAT_METADATA_DS_L2A_ADAPT/output/PDI_DS/S2A_OPER_MSI_L2A_DS_2APS_20241201T094445_S20241201T061220_N05.11/MTD_DS.xml" name="Check of the correctness of the Geometric Refining: Image Refining. " priority="5" processingStatus="done" status="PASSED"/>
                    <message contentType="text/plain">Geometry of image has not been refined.</message>
                </check>
                <check>
                    <inspection creation="2024-12-01T10:34:23.240Z" duration="0" execution="2024-12-01T10:34:23.267Z" id="Geometric_Refining_Vnir_Swir_Registration" item="MTD_DS.xml" itemURL="/mnt/nfs-l2-01/l2-processing/processing-id-67356-2024-12-01-09-44-02/TaskTable_20241201T094402/FORMAT_METADATA_DS_L2A_ADAPT/output/PDI_DS/S2A_OPER_MSI_L2A_DS_2APS_20241201T094445_S20241201T061220_N05.11/MTD_DS.xml" name="Check of the correctness of the Geometric Refining: VNIR/SWIR Registration. " priority="5" processingStatus="done" status="PASSED"/>
                    <message contentType="text/plain">VNIR / SWIR bands have not been registered.</message>
                </check>
                <check>
                    <inspection creation="2024-12-01T10:34:23.275Z" duration="1" execution="2024-12-01T10:34:23.280Z" id="Planimetric_Stability" item="MTD_DS.xml" itemURL="/mnt/nfs-l2-01/l2-processing/processing-id-67356-2024-12-01-09-44-02/TaskTable_20241201T094402/FORMAT_METADATA_DS_L2A_ADAPT/output/PDI_DS/S2A_OPER_MSI_L2A_DS_2APS_20241201T094445_S20241201T061220_N05.11/MTD_DS.xml" name="Check the planimetric stability value  " priority="5" processingStatus="done" status="PASSED"/>
                    <message contentType="text/plain">Planimetric stability is valid (3.0&lt;5.0) </message>
                    <extraValues>
                        <value name="VALUE">3.0</value>
                        <value name="EXPECTED">5.0</value>
                    </extraValues>
                </check>
                <check>
                    <inspection creation="2024-12-01T10:34:23.408Z" duration="1367" execution="2024-12-01T10:34:23.439Z" id="Attitude_Quality_Indicator_Raw" item="MTD_DS.xml" itemURL="/mnt/nfs-l2-01/l2-processing/processing-id-67356-2024-12-01-09-44-02/TaskTable_20241201T094402/FORMAT_METADATA_DS_L2A_ADAPT/output/PDI_DS/S2A_OPER_MSI_L2A_DS_2APS_20241201T094445_S20241201T061220_N05.11/MTD_DS.xml" name="Check the admissibility of Raw Attitude Quality Indicator. " priority="5" processingStatus="done" status="PASSED"/>
                    <message contentType="text/plain">No wrong raw attitude indicators were found.</message>
                </check>
                <check>
                    <inspection creation="2024-12-01T10:34:26.819Z" duration="3" execution="2024-12-01T10:34:26.851Z" id="Absolute_Location_Value" item="MTD_DS.xml" itemURL="/mnt/nfs-l2-01/l2-processing/processing-id-67356-2024-12-01-09-44-02/TaskTable_20241201T094402/FORMAT_METADATA_DS_L2A_ADAPT/output/PDI_DS/S2A_OPER_MSI_L2A_DS_2APS_20241201T094445_S20241201T061220_N05.11/MTD_DS.xml" name="Check the absolute Location value. " priority="5" processingStatus="done" status="PASSED"/>
                    <message contentType="text/plain">Absolute location is valid (20.0&lt;30.0) </message>
                    <extraValues>
                        <value name="VALUE">20.0</value>
                        <value name="EXPECTED">30.0</value>
                    </extraValues>
                </check>
                <check>
                    <inspection creation="2024-12-01T10:34:26.879Z" duration="545" execution="2024-12-01T10:34:26.884Z" id="Attitude_Quality_Indicator_Corrected" item="MTD_DS.xml" itemURL="/mnt/nfs-l2-01/l2-processing/processing-id-67356-2024-12-01-09-44-02/TaskTable_20241201T094402/FORMAT_METADATA_DS_L2A_ADAPT/output/PDI_DS/S2A_OPER_MSI_L2A_DS_2APS_20241201T094445_S20241201T061220_N05.11/MTD_DS.xml" name="Check the admissibility of Corrected Attitude Quality Indicator. " priority="5" processingStatus="done" status="PASSED"/>
                    <message contentType="text/plain">No wrong corrected attitude indicators were found.</message>
                </check>
            </checkList>
        </report>
    </Data_Block>
</Earth_Explorer_File>
