<?xml version="1.0" encoding="UTF-8" standalone="yes"?>
<Earth_Explorer_File xmlns="http://gs2.esa.int/DATA_STRUCTURE/olqcReport">
    <Earth_Explorer_Header>
        <Fixed_Header>
            <File_Name>RADIOMETRIC_QUALITY.xml</File_Name>
            <File_Description>Report produced by OLQC-SC</File_Description>
            <Notes></Notes>
            <Mission>S2A</Mission>
            <File_Class>OPER</File_Class>
            <File_Type>REP_OLQCPA</File_Type>
            <Validity_Period>
                <Validity_Start>UTC=2024-07-23T03:00:00</Validity_Start>
                <Validity_Stop>UTC=2100-01-01T00:00:00</Validity_Stop>
            </Validity_Period>
            <File_Version>2</File_Version>
            <Source>
                <System>OLQC-SC</System>
                <Creator>OLQC-SC</Creator>
                <Creator_Version>06.03.00</Creator_Version>
                <Creation_Date>UTC=2024-12-01T10:34:22</Creation_Date>
            </Source>
        </Fixed_Header>
    </Earth_Explorer_Header>
    <Data_Block type="xml">
        <report gippVersion="1.0" globalStatus="PASSED" date="2024-12-01T10:34:22.547Z">
            <checkList>
                <parentID>S2A_OPER_GIP_OLQCPA_MPC__20240717T000043_V20240723T030000</parentID>
                <name>RADIOMETRIC_QUALITY</name>
                <version>1.0</version>
                <item url="/mnt/nfs-l2-01/l2-processing/processing-id-67356-2024-12-01-09-44-02/TaskTable_20241201T094402/FORMAT_METADATA_DS_L2A_ADAPT/output/PDI_DS/S2A_OPER_MSI_L2A_DS_2APS_20241201T094445_S20241201T061220_N05.11/" className="PDI Level 2A Datastrip Folder" name="S2A_OPER_MSI_L2A_DS_2APS_20241201T094445_S20241201T061220_N05.11" class="http://www.esa.int/s2#pdi_level_2a_datastrip_container"/>
                <check>
                    <inspection creation="2024-12-01T10:34:22.500Z" duration="38" execution="2024-12-01T10:34:22.507Z" id="QuantificationValueWVP" item="MTD_DS.xml" itemURL="/mnt/nfs-l2-01/l2-processing/processing-id-67356-2024-12-01-09-44-02/TaskTable_20241201T094402/FORMAT_METADATA_DS_L2A_ADAPT/output/PDI_DS/S2A_OPER_MSI_L2A_DS_2APS_20241201T094445_S20241201T061220_N05.11/MTD_DS.xml" name="Check WVP QUANTIFICATION_VALUE " priority="5" processingStatus="done" status="PASSED"/>
                    <message contentType="text/plain">WVP QUANTIFICATION_VALUE is OK</message>
                </check>
                <check>
                    <inspection creation="2024-12-01T10:34:22.548Z" duration="0" execution="2024-12-01T10:34:22.590Z" id="EqualizationFlag" item="MTD_DS.xml" itemURL="/mnt/nfs-l2-01/l2-processing/processing-id-67356-2024-12-01-09-44-02/TaskTable_20241201T094402/FORMAT_METADATA_DS_L2A_ADAPT/output/PDI_DS/S2A_OPER_MSI_L2A_DS_2APS_20241201T094445_S20241201T061220_N05.11/MTD_DS.xml" name="Check EQUALIZATION_MODE " priority="5" processingStatus="done" status="PASSED"/>
                    <message contentType="text/plain">Equalization Mode is set to TRUE</message>
                </check>
                <check>
                    <inspection creation="2024-12-01T10:34:22.592Z" duration="84" execution="2024-12-01T10:34:22.643Z" id="IntegrationTime" item="MTD_DS.xml" itemURL="/mnt/nfs-l2-01/l2-processing/processing-id-67356-2024-12-01-09-44-02/TaskTable_20241201T094402/FORMAT_METADATA_DS_L2A_ADAPT/output/PDI_DS/S2A_OPER_MSI_L2A_DS_2APS_20241201T094445_S20241201T061220_N05.11/MTD_DS.xml" name="Check INTEGRATION_TIME " priority="5" processingStatus="done" status="PASSED"/>
                    <message contentType="text/plain">INTEGRATION_TIME is OK</message>
                </check>
                <check>
                    <inspection creation="2024-12-01T10:34:22.729Z" duration="2" execution="2024-12-01T10:34:22.741Z" id="Radiometric_Quality_Indicators_Absolute" item="MTD_DS.xml" itemURL="/mnt/nfs-l2-01/l2-processing/processing-id-67356-2024-12-01-09-44-02/TaskTable_20241201T094402/FORMAT_METADATA_DS_L2A_ADAPT/output/PDI_DS/S2A_OPER_MSI_L2A_DS_2APS_20241201T094445_S20241201T061220_N05.11/MTD_DS.xml" name="Check on the Radiometric Quality Indicators : Absolute Calibration Accuracy. " priority="5" processingStatus="done" status="PASSED"/>
                    <message contentType="text/plain">Absolute calibration accuracy is correct.</message>
                </check>
                <check>
                    <inspection creation="2024-12-01T10:34:22.744Z" duration="0" execution="2024-12-01T10:34:22.790Z" id="QuantificationValueAOT" item="MTD_DS.xml" itemURL="/mnt/nfs-l2-01/l2-processing/processing-id-67356-2024-12-01-09-44-02/TaskTable_20241201T094402/FORMAT_METADATA_DS_L2A_ADAPT/output/PDI_DS/S2A_OPER_MSI_L2A_DS_2APS_20241201T094445_S20241201T061220_N05.11/MTD_DS.xml" name="Check AOT QUANTIFICATION_VALUE " priority="5" processingStatus="done" status="PASSED"/>
                    <message contentType="text/plain">AOT QUANTIFICATION_VALUE is OK</message>
                </check>
                <check>
                    <inspection creation="2024-12-01T10:34:22.875Z" duration="1" execution="2024-12-01T10:34:22.949Z" id="Radiometric_Quality_Indicators_Multi_Temporal" item="MTD_DS.xml" itemURL="/mnt/nfs-l2-01/l2-processing/processing-id-67356-2024-12-01-09-44-02/TaskTable_20241201T094402/FORMAT_METADATA_DS_L2A_ADAPT/output/PDI_DS/S2A_OPER_MSI_L2A_DS_2APS_20241201T094445_S20241201T061220_N05.11/MTD_DS.xml" name="Check on the Radiometric Quality Indicators : Multi-Temporal Calibration Accuracy. " priority="5" processingStatus="done" status="PASSED"/>
                    <message contentType="text/plain">Multi-temporal calibration accuracy is correct.</message>
                </check>
                <check>
                    <inspection creation="2024-12-01T10:34:22.960Z" duration="0" execution="2024-12-01T10:34:23.047Z" id="Radiometric_Quality_Indicators_Cross_Band" item="MTD_DS.xml" itemURL="/mnt/nfs-l2-01/l2-processing/processing-id-67356-2024-12-01-09-44-02/TaskTable_20241201T094402/FORMAT_METADATA_DS_L2A_ADAPT/output/PDI_DS/S2A_OPER_MSI_L2A_DS_2APS_20241201T094445_S20241201T061220_N05.11/MTD_DS.xml" name="Check on the Radiometric Quality Indicators : Cross Band Calibration Accuracy. " priority="5" processingStatus="done" status="PASSED"/>
                    <message contentType="text/plain">Cross band calibration accuracy is correct.</message>
                </check>
                <check>
                    <inspection creation="2024-12-01T10:34:26.855Z" duration="17" execution="2024-12-01T10:34:26.860Z" id="QuantificationValueBOA" item="MTD_DS.xml" itemURL="/mnt/nfs-l2-01/l2-processing/processing-id-67356-2024-12-01-09-44-02/TaskTable_20241201T094402/FORMAT_METADATA_DS_L2A_ADAPT/output/PDI_DS/S2A_OPER_MSI_L2A_DS_2APS_20241201T094445_S20241201T061220_N05.11/MTD_DS.xml" name="Check BOA QUANTIFICATION_VALUE " priority="5" processingStatus="done" status="PASSED"/>
                    <message contentType="text/plain">BOA QUANTIFICATION_VALUE is OK</message>
                </check>
            </checkList>
        </report>
    </Data_Block>
</Earth_Explorer_File>
