<?xml version="1.0" encoding="UTF-8" standalone="yes"?>
<Earth_Explorer_File xmlns="http://gs2.esa.int/DATA_STRUCTURE/olqcReport">
    <Earth_Explorer_Header>
        <Fixed_Header>
            <File_Name>SENSOR_QUALITY.xml</File_Name>
            <File_Description>Report produced by OLQC-SC</File_Description>
            <Notes></Notes>
            <Mission>S2A</Mission>
            <File_Class>OPER</File_Class>
            <File_Type>REP_OLQCPA</File_Type>
            <Validity_Period>
                <Validity_Start>UTC=2024-07-23T03:00:00</Validity_Start>
                <Validity_Stop>UTC=2100-01-01T00:00:00</Validity_Stop>
            </Validity_Period>
            <File_Version>2</File_Version>
            <Source>
                <System>OLQC-SC</System>
                <Creator>OLQC-SC</Creator>
                <Creator_Version>06.03.00</Creator_Version>
                <Creation_Date>UTC=2024-12-01T10:34:22</Creation_Date>
            </Source>
        </Fixed_Header>
    </Earth_Explorer_Header>
    <Data_Block type="xml">
        <report gippVersion="1.0" globalStatus="PASSED" date="2024-12-01T10:34:22.436Z">
            <checkList>
                <parentID>S2A_OPER_GIP_OLQCPA_MPC__20240717T000043_V20240723T030000</parentID>
                <name>SENSOR_QUALITY</name>
                <version>1.0</version>
                <item url="/mnt/nfs-l2-01/l2-processing/processing-id-67356-2024-12-01-09-44-02/TaskTable_20241201T094402/FORMAT_METADATA_DS_L2A_ADAPT/output/PDI_DS/S2A_OPER_MSI_L2A_DS_2APS_20241201T094445_S20241201T061220_N05.11/" className="PDI Level 2A Datastrip Folder" name="S2A_OPER_MSI_L2A_DS_2APS_20241201T094445_S20241201T061220_N05.11" class="http://www.esa.int/s2#pdi_level_2a_datastrip_container"/>
                <check>
                    <inspection creation="2024-12-01T10:34:22.078Z" duration="13" execution="2024-12-01T10:34:22.421Z" id="Degraded_SAD" item="MTD_DS.xml" itemURL="/mnt/nfs-l2-01/l2-processing/processing-id-67356-2024-12-01-09-44-02/TaskTable_20241201T094402/FORMAT_METADATA_DS_L2A_ADAPT/output/PDI_DS/S2A_OPER_MSI_L2A_DS_2APS_20241201T094445_S20241201T061220_N05.11/MTD_DS.xml" name="Check the consistency of relative orbit. " priority="5" processingStatus="done" status="PASSED"/>
                    <message contentType="text/plain">No Degraded SAD</message>
                </check>
                <check>
                    <inspection creation="2024-12-01T10:34:22.952Z" duration="0" execution="2024-12-01T10:34:22.958Z" id="Datation_Model_GPS_SYNC" item="MTD_DS.xml" itemURL="/mnt/nfs-l2-01/l2-processing/processing-id-67356-2024-12-01-09-44-02/TaskTable_20241201T094402/FORMAT_METADATA_DS_L2A_ADAPT/output/PDI_DS/S2A_OPER_MSI_L2A_DS_2APS_20241201T094445_S20241201T061220_N05.11/MTD_DS.xml" name="Check the correctness of the Datation model with GPS_SYNC. " priority="5" processingStatus="done" status="PASSED"/>
                    <message contentType="text/plain">GPS is synchronized.</message>
                </check>
                <check>
                    <inspection creation="2024-12-01T10:34:23.188Z" duration="0" execution="2024-12-01T10:34:23.238Z" id="Datation_Model_RMOY" item="MTD_DS.xml" itemURL="/mnt/nfs-l2-01/l2-processing/processing-id-67356-2024-12-01-09-44-02/TaskTable_20241201T094402/FORMAT_METADATA_DS_L2A_ADAPT/output/PDI_DS/S2A_OPER_MSI_L2A_DS_2APS_20241201T094445_S20241201T061220_N05.11/MTD_DS.xml" name="Check the correctness of the Datation model with RMOY. " priority="5" processingStatus="done" status="PASSED"/>
                    <message contentType="text/plain">RMOY not found in dataset</message>
                </check>
                <check>
                    <inspection creation="2024-12-01T10:34:27.514Z" duration="555" execution="2024-12-01T10:34:27.519Z" id="checkMetadata" item="S2A_OPER_MSI_L2A_DS_2APS_20241201T094445_S20241201T061220_N05.11" itemURL="/mnt/nfs-l2-01/l2-processing/processing-id-67356-2024-12-01-09-44-02/TaskTable_20241201T094402/FORMAT_METADATA_DS_L2A_ADAPT/output/PDI_DS/S2A_OPER_MSI_L2A_DS_2APS_20241201T094445_S20241201T061220_N05.11/" name="Metadata file check. " priority="5" processingStatus="done" status="PASSED"/>
                    <message contentType="text/plain">Metadata file is present.</message>
                </check>
            </checkList>
        </report>
    </Data_Block>
</Earth_Explorer_File>
